<entity-mappings xmlns="https://jakarta.ee/xml/ns/persistence/orm"
    xmlns:xsi="http://www.w3.org/2001/XMLSchema-instance"
	version="3.1">

	<entity class="">        
		<table name=""/>
		<attributes>
			<id name="">
				<column name=""/>
				<generated-value strategy="IDENTITY|TABLE|SEQUENCE"/>
			</id>
			<basic name="">
				<column name=""/>
			</basic>
			<one-to-many name="" mapped-by="">
				<cascade>
					<cascade-all|persistence|remove/>
				</cascade>
			</one-to-many>
			<many-to-one name="">
				<join-column name=""/>
			</many-to-one>
		</attributes>
	</entity>


</entity-mappings>

